Wall time,Step,Value
1744514744.868602,1,0.7517025470733643
1744515378.7849112,2,0.4223017394542694
1744516001.6327584,3,0.3271702527999878
1744516627.2121792,4,0.27954334020614624
1744517268.1975067,5,0.2482534497976303
